{"cameraMode":{"drawMode":0,"name":"Shaded","section":"Shading Mode"},"sceneLighting":true,"audioPlay":false,"sceneViewState":{"m_AlwaysRefresh":false,"showFog":true,"showSkybox":true,"showFlares":true,"showImageEffects":true,"showParticleSystems":true,"showVisualEffectGraphs":true,"m_FxEnabled":false},"in2DMode":false,"pivot":{"x":335.95513916015627,"y":34.95889663696289,"z":9.850674629211426},"rotation":{"x":0.25676044821739199,"y":-0.3702186942100525,"z":0.10736490786075592,"w":0.8863974213600159},"size":30.573728561401368,"orthographic":false}