{"cameraMode":{"drawMode":0,"name":"Shaded","section":"Shading Mode"},"sceneLighting":true,"audioPlay":false,"sceneViewState":{"showFog":true,"showMaterialUpdate":false,"showSkybox":true,"showFlares":true,"showImageEffects":true,"showParticleSystems":true},"in2DMode":false,"pivot":{"x":-1.3291406631469727,"y":3.6255767345428469,"z":21.778032302856447},"rotation":{"x":0.04610901698470116,"y":-0.053006064146757129,"z":-0.002449497114866972,"w":-0.9975304007530212},"size":13.227849960327149,"orthographic":false}